"timestamp","x","y","z"
"161433918","-0.13227177","-0.18978596","0.07553387"
"181209435","0.05577898","-0.2772236","0.06714916"
"200984951","0.047394514","-0.10594177","-0.049035072"
"220760468","0.037812233","-0.010119677","-0.08856201"
"240535984","0.010263443","-0.020899773","-0.1077261"
"260311501","-0.07597637","-0.020899773","-0.18438339"
"280087018","-0.15336895","0.07040596","-0.30891037"
"299862034","-0.51382446","0.098991394","-0.38544464"
"319637051","-0.7039249","0.1620462","-0.8334179"
"339412567","-1.0440776","0.32731485","-1.3736854"
"359188084","-3.6325853","1.4330897","-2.2781835"
"378948100","-1.2691407","1.3653817","-3.5740085"
"398708117","-1.8554139","1.8823247","-4.9351215"
"418483633","-1.9358408","2.5536213","-6.322317"
"438259150","-1.60554","2.9829252","-7.6529026"
"458034666","-0.955426","3.6851068","-9.263417"
"477810183","-0.6354461","4.3493686","-9.758491"
"497585699","-1.1520648","3.1534505","-9.427189"
"517361216","-2.1720614","1.7792213","-8.8674"
"537136732","-2.4367843","1.8480282","-8.546394"
"556912249","-3.3814325","0.40084124","-8.108198"
"576687266","-4.705746","-0.8471961","-6.884407"
"596462282","-4.9596043","-1.8515201","-6.5137506"
"616237799","-5.8806167","-2.5880861","-6.4278803"
"636013315","-6.8550997","-3.0024576","-5.3088284"
"655773332","-8.980426","-3.2850943","-5.3957243"
"675533348","-10.7586975","-4.4103637","-9.035812"
"695308865","-10.700583","-7.797185","-11.042982"
"715084381","-7.643174","-9.922228","-8.160636"
"734859898","-4.7152596","-10.441355","-1.2302648"
"754635414","-2.6182632","-8.863409","2.023179"
"774410931","0.24499226","-7.425866","-2.1620522"
"794186447","1.806222","-10.494207","-2.2987654"
"813961964","2.2970414","-12.6675005","-0.23696086"
"833737481","0.95397663","-12.952597","-3.5893018"
"853512497","-4.1954756","-2.7954454","-4.0385046"
"873287514","-3.9365559","2.4907827","-0.40380955"
"893063030","0.14356041","9.328638","0.91015565"
"912838547","4.355788","10.102695","-1.6732082"
"932598563","2.139193","3.5531614","-3.1037354"
"952358580","1.192255","-2.4259968","-4.207012"
"972149596","1.0747042","-7.2633405","-2.0723248"
"991940613","1.1124172","-9.976009","0.15358543"
"1011715629","0.98140717","-11.148732","2.7044325"
"1031490646","0.61458683","-8.210357","2.0824804"
"1051251162","-2.0553246","-3.1158621","1.0324337"
"1071011679","-3.0144453","-0.9876432","1.5215552"
"1090786696","-1.8388224","0.8228144","1.857457"
"1110561712","-0.2586298","1.6441376","2.3245542"
"1130337229","0.047537804","1.4297612","2.2191098"
"1150112745","-0.8164005","-0.07040119","1.7664518"
"1169888262","-1.3333054","-1.2945573","1.4966025"
"1189663778","-0.96594715","-1.7280811","1.3870323"
"1209439295","-0.47447395","-1.3358369","1.098264"
"1229214811","-0.09416199","-0.91188896","0.5919837"
"1248990328","0.15486431","-0.61014223","0.11178064"
"1268765844","0.19700623","-0.36578065","0.07685363"
"1288525861","0.20367813","-0.31289768","0.26452112"
"1308285877","0.16329956","-0.18882918","0.38153112"
"1328061394","0.29247284","0.08845484","-0.083838105"
"1347836910","0.35139656","0.2652493","-0.6689255"
"1367611927","0.12686443","-0.4626491","-0.4738804"
"1387386944","-0.27418423","-1.4830538","0.1014328"
"1407162460","-0.38085938","-2.1187315","0.3428452"
"1426937977","-0.25177574","-2.0682216","0.1533916"
"1446713493","-0.24951935","-1.7613293","-0.23801589"
"1466489010","0.064941406","-1.6369567","-0.23684919"
"1486264526","0.7237139","-1.6313888","-0.085945964"
"1506040043","1.2040977","-1.34566","0.19308531"
"1525800059","1.1594067","-1.1754694","-0.06238675"
"1545560076","0.7319746","-1.1489146","-0.373567"
"1565350592","0.32088375","-1.3533154","-0.5748259"
"1585141109","0.12223053","-1.4549774","-0.64054775"
"1604901625","0.11466026","-1.387429","-0.7388046"
"1624662142","0.2692423","-1.2048383","-0.9339212"
"1644437159","0.4313202","-0.99082136","-1.114925"
"1664212175","0.50316525","-0.90080905","-1.0634624"
"1683987692","0.47654724","-0.8477411","-0.84111786"
"1703763208","0.38843822","-0.6707996","-0.6505536"
"1723523225","0.29626274","-0.7638974","-0.83695245"
"1743283241","0.20256042","-0.78968334","-0.8915904"
"1763074258","0.2052908","-0.90544176","-0.6761581"
"1782865274","0.16121006","-0.8277793","-0.5139476"
"1802640291","0.17860985","-0.5123296","-0.44703507"
"1822415307","0.2931471","-0.26855946","-0.54572284"
"1842190824","0.33057976","-0.32124949","-0.70665324"
"1861966340","0.31094646","-0.39674878","-0.60555"
"1881726857","0.35117626","-0.36940622","-0.2513743"
"1901487374","0.48749065","-0.30484724","-0.1350233"
"1921262390","0.3585291","-0.44774532","-0.25042212"
"1941037407","-0.017710686","-0.6158204","-0.35435754"
"1960812923","-0.18017673","-0.6785307","-0.34430593"
"1980588440","0.029628754","-0.50174475","-0.2653135"
"2000363956","0.3362608","-0.4269452","-0.18093288"
"2020139473","0.40280437","-0.43551803","-0.06330103"
"2039914989","0.29004097","-0.47237968","0.14631134"
"2059690506","0.1479969","-0.60068417","0.3490219"
"2079465522","0.15811634","-0.7165644","0.4661264"
"2099240539","0.1050396","-0.648402","0.48626345"
"2119016055","0.12930107","-0.5665369","0.41060513"
"2138791572","0.15194416","-0.48199654","0.3796538"
"2158551588","0.23967457","-0.41256642","0.4238006"
"2178311605","0.29843235","-0.30845618","0.50512844"
"2198087122","0.3362913","-0.3225069","0.6457558"
"2217862638","0.24895763","-0.34634233","0.77249956"
"2237638155","0.19766808","-0.3796847","0.66973436"
"2257413671","-0.18622208","-0.3437717","0.69759864"
"2277173688","-0.8571749","-0.4963913","1.2170734"
"2296933704","-1.1414099","-0.66476035","1.3601011"
"2316709221","-1.0530691","-0.31131792","1.4669259"
"2336484737","-0.7774582","-0.18688107","1.744845"
"2356260254","-0.6094303","-0.030369282","1.9717941"
"2376035770","-0.5735464","0.31595278","1.8940384"
"2395811287","-0.6328268","0.6050749","1.857388"
"2415586803","-0.6017103","0.79947484","1.9730017"
"2435377320","-0.46963024","0.8940636","1.8634883"
"2455167837","-0.14965343","1.2048887","1.3318081"
"2474927853","0.21878815","1.2525003","0.8936634"
"2494687870","0.30692768","0.892933","0.8035419"
"2514463386","0.12717819","0.3727336","0.77539206"
"2534238903","0.043460846","0.026160479","0.8726081"
"2554014419","-0.18793488","-0.20112109","0.76810426"
"2573789936","-0.3393669","-0.28533125","0.6548372"
"2593565452","-0.32709503","-0.3210609","0.63305986"
"2613340969","-0.084555626","-0.2889943","0.699757"
"2633100985","0.21442223","-0.40852594","0.83900076"
"2652861002","0.3424549","-0.37139082","0.8423512"
"2672651372","0.28102398","-0.2419715","0.7160732"
"2692441549","0.38826752","-0.085027695","0.6299628"
"2712201226","0.62430096","-0.12798595","0.59586483"
"2731960903","0.54550266","-0.1694014","0.52065474"
"2751736079","0.30003262","-0.3651154","0.40380466"
"2771511256","0.062247276","-0.613039","0.2612995"
"2791286433","-0.13726616","-0.79176617","0.12691498"
"2811061610","-0.2604847","-0.8317597","0.17687583"
"2830836786","-0.2208252","-0.760453","0.2546593"
"2850611963","-0.0028333664","-0.5599632","0.3025896"
"2870387140","0.21455097","-0.42094898","0.25603372"
"2890162316","-0.0089674","-0.42538357","0.12767166"
"2909921993","-0.2728815","-0.38461423","0.14867562"
"2929681670","-0.24130344","-0.3642478","0.2514767"
"2949456847","-0.009485245","-0.27035928","0.3274855"
"2969232024","0.2718296","-0.07638955","0.3487367"
"2989006701","0.48656654","-0.036937475","0.38908458"
"3008781377","0.5387621","-0.06489539","0.34950584"
"3028556554","0.51526165","-0.11135626","0.2745226"
"3048331731","0.33005714","-0.20807862","0.23063076"
"3068106908","0.013780594","-0.23005366","0.26602376"
"3087882084","0.021624565","-0.24884892","0.31814957"
"3107657261","0.26717377","-0.30263996","0.32909364"
"3127432438","0.23939228","-0.3197012","0.33556545"
"3147207115","0.06730366","-0.37715673","0.26473725"
"3166981791","-0.12391281","-0.4818442","0.24275798"
"3186756968","-0.019680023","-0.44302082","0.29100513"
"3206532145","0.19067383","-0.43351936","0.3925305"
"3226307322","0.3141594","-0.40311837","0.4753083"
"3246082498","0.32252026","-0.3616383","0.418499"
"3265842175","0.16816425","-0.41252756","0.2967344"
"3285601852","-0.043334007","-0.43752456","0.13746637"
"3305377029","-0.022582054","-0.3320639","0.14198494"
"3325152206","0.083415985","-0.3348093","0.2114836"
"3344911883","0.2274065","-0.23394918","0.15690064"
"3364671560","0.27436256","-0.30168462","0.09684265"
"3384446737","0.292449","-0.29664207","0.094285905"
"3404221913","0.2524891","-0.2796712","0.110123515"
"3423997090","0.2412386","-0.30035448","0.039447606"
"3443772267","0.19141197","-0.29261398","-0.013231993"
"3463547444","0.1510458","-0.39044762","-0.021621823"
"3483322620","0.025623322","-0.44223905","-0.044106245"
"3503097297","-0.041259766","-0.4129169","-0.027382195"
"3522871974","0.006717682","-0.40620947","0.04972136"
"3542647151","0.12024689","-0.41604233","0.0151638985"
"3562422327","0.12106609","-0.5489702","0.11911368"
"3582197504","0.16025257","-0.5563388","0.26000595"
"3601972681","0.2468071","-0.5399287","0.23502845"
"3621747858","0.21051502","-0.47210622","0.28577662"
"3641523034","0.10660553","-0.46998477","0.25282472"
"3661298211","0.011245728","-0.4751985","0.18238568"
"3681073388","-0.038025856","-0.4758985","0.2643988"
"3700848064","0.017891884","-0.48234344","0.5172722"
"3720622741","0.13834667","-0.53847003","0.5107898"
"3740397918","0.004134178","-0.49641538","0.51352966"
"3760173095","-0.035847664","-0.5132184","0.51247334"
"3779948271","0.077812195","-0.513994","0.4838621"
"3799723448","0.11653042","-0.42855668","0.42227596"
"3819483125","0.09719753","-0.348691","0.3483703"
"3839242802","0.039050102","-0.3515594","0.23946017"
"3859017979","0.0072612762","-0.4070301","0.16090065"
"3878793156","0.011978149","-0.42953324","0.20668554"
"3898568332","0.09485245","-0.3662982","0.2592423"
"3918343509","0.21474648","-0.37181926","0.20790428"
"3938118686","0.15326977","-0.280267","0.19641644"
"3957893863","0.09342098","-0.3057928","0.24464375"
"3977668539","0.109662056","-0.26697588","0.20753932"
"3997443216","0.12551403","-0.30838585","0.23892462"
"4017218393","0.22028923","-0.27656388","0.2597326"
"4036993570","0.21809196","-0.31350994","0.15788025"
"4056768746","0.007827759","-0.35915208","0.089823365"
"4076543923","-0.012459755","-0.3863256","0.14617503"
"4096303600","0.1399889","-0.38834977","0.27420247"
"4116063277","0.27317142","-0.35358715","0.25169182"
"4135838454","0.20513153","-0.3925755","0.33081084"
"4155613631","0.15591812","-0.51903176","0.32605994"
"4175388807","0.07949638","-0.5484717","0.29694015"
"4195163984","0.050554276","-0.5108466","0.35897368"
"4214938661","0.07927132","-0.47406697","0.3913352"
"4234713338","0.06863594","-0.4920025","0.3969329"
"4254473515","-0.018310547","-0.5071621","0.39355516"
"4274233692","-0.04919815","-0.4715612","0.49260926"
"4294023868","-0.012529373","-0.4469731","0.493752"
"4313814045","0.024659157","-0.3638816","0.50921166"
"4333589221","0.042837143","-0.32017994","0.5243628"
"4353364398","0.08996582","-0.2578776","0.5379001"
"4373139575","0.031482697","-0.339","0.5068348"
"4392914752","0.0033168793","-0.2968061","0.48396456"
"4412674428","0.013508797","-0.2590027","0.42852992"
"4432434105","-0.04279709","-0.27259684","0.24306613"
"4452209282","-0.108878136","-0.3420062","0.23078907"
"4471984459","0.015993118","-0.4213519","0.32453948"
"4491759136","0.12015343","-0.4725492","0.321226"
"4511533812","0.07335186","-0.44088244","0.39619285"
"4531293989","0.12154198","-0.3347473","0.40907133"
"4551054166","0.14126015","-0.325531","0.32724136"
"4570844343","0.066319466","-0.26889062","0.2827223"
"4590634519","0.12329483","-0.27854156","0.27732033"
"4610394196","0.12369919","-0.3742745","0.27619648"
"4630153873","0.133564","-0.3744917","0.26478523"
"4649929050","0.12456894","-0.39322877","0.30007446"
"4669704227","0.12526894","-0.30919147","0.2858348"
"4689479404","0.1453867","-0.31092787","0.2627982"
"4709254580","0.13629913","-0.3588972","0.29994756"
"4729029757","0.13628674","-0.40695596","0.33033937"
"4748804934","0.09783745","-0.39543152","0.3859111"
"4768579611","0.10882568","-0.32802033","0.42052686"
"4788354287","0.13703632","-0.29056096","0.3691256"
"4808129464","0.09053421","-0.29188466","0.31973577"
"4827904641","-0.052081108","-0.37815237","0.28333926"
"4847664318","-0.022913933","-0.33986497","0.33902752"
"4867423995","0.08201027","-0.3040247","0.3168714"
"4887214671","0.120936394","-0.2647922","0.44830972"
"4907005348","0.17742443","-0.33342004","0.4199834"
"4926780525","0.17762375","-0.2975955","0.25686663"
"4946555701","0.16894245","-0.19629002","0.13032568"
"4966315378","0.0573349","-0.16150188","0.18947846"
"4986075055","-0.018368721","-0.19749832","0.21754545"
"5005850232","0.09711838","-0.33191943","0.27645034"
"5025625409","0.18417358","-0.40911365","0.2924677"
"5045400086","0.15751553","-0.40925026","0.27813077"
"5065174762","0.15003777","-0.37120175","0.20368338"
"5084949939","0.16139603","-0.24415588","0.14635599"
"5104725116","0.2668295","-0.29698253","0.18560594"
"5124500293","0.29556274","-0.37493086","0.21850866"
"5144275469","0.26626968","-0.40438986","0.16560769"
"5164050646","0.20772171","-0.38041377","0.16616797"
"5183825823","0.1599083","-0.2611184","0.08503497"
"5203600499","0.055200577","-0.17019582","0.027078867"
"5223375176","0.015286446","-0.13626242","0.08737099"
"5243150353","0.023611069","-0.10570812","0.1428914"
"5262925530","-0.014320374","-0.17462492","0.28052998"
"5282685707","-0.082157135","-0.25240803","0.45707828"
"5302445884","-0.014278412","-0.21996784","0.51388943"
"5322220560","0.0053453445","-0.25843215","0.42444098"
"5341995237","-0.04932785","-0.2476263","0.39699024"
"5361770414","-0.067341805","-0.30048776","0.33260185"
"5381545591","-0.047704697","-0.29452157","0.31483728"
"5401320767","0.06482601","-0.32301545","0.33513618"
"5421095944","0.054507256","-0.3293519","0.3244707"
"5440855621","0.053627014","-0.32634902","0.24581045"
"5460615298","0.07216263","-0.33280587","0.17569268"
"5480405475","0.13787556","-0.28216028","0.1424284"
"5500195651","0.11843395","-0.3083408","0.15828729"
"5519970828","0.16578388","-0.3058424","0.18610883"
"5539746005","0.14597797","-0.36136103","0.17731917"
"5559505682","0.14513206","-0.35764384","0.20731282"
"5579265359","0.049595833","-0.42339206","0.12400818"
"5599040535","-0.065561295","-0.43846917","0.17642653"
"5618815712","0.11391544","-0.39791107","0.29906803"
"5638590889","0.2849741","-0.31013608","0.27579522"
"5658366066","0.15975761","-0.2941711","0.30664867"
"5678141242","0.09224796","-0.33679032","0.3463515"
"5697916419","0.08073807","-0.38112545","0.29764634"
"5717691596","0.04354763","-0.33221865","0.22629821"
"5737466773","0.06254101","-0.30084085","0.19320738"
"5757241449","0.004216194","-0.28733444","0.20077336"
"5777016126","0.012438774","-0.31144738","0.2205534"
"5796791303","-0.045031548","-0.26769567","0.28644574"
"5816566480","-0.007252693","-0.28359532","0.3027894"
"5836326157","0.0021305084","-0.20453","0.25116885"
"5856085834","0.077383995","-0.17498088","0.21844292"
"5875861010","0.08668709","-0.19069815","0.2540267"
"5895636187","0.047821045","-0.20887756","0.21631593"
"5915426864","0.03889656","-0.1952188","0.32108486"
"5935217540","0.13372421","-0.16752338","0.25205857"
"5954961717","0.11324501","-0.29387712","0.15820205"
"5974705894","-0.066952705","-0.35986447","0.17344415"
"5994481071","0.018481255","-0.38035965","0.23077899"
"6014256248","0.15215969","-0.32349157","0.18809354"
"6034031425","0.18084335","-0.21881914","0.16599464"
"6053806601","0.14204407","-0.29271436","0.2249499"
"6073581778","0.13188267","-0.34937","0.14956748"
"6093356955","0.06451893","-0.3576529","0.09148598"
"6113131632","0.036995888","-0.2814889","0.070545316"
"6132906308","0.036644936","-0.33653355","0.080140114"
"6152681485","-0.039777756","-0.3143823","0.14967608"
"6172456662","0.034600258","-0.34852695","0.2474429"
"6192231839","0.07218075","-0.2593441","0.24682206"
"6212007015","-0.08083725","-0.2199862","0.19031143"
"6231782192","-0.118494034","-0.21830225","0.26046562"
"6251557369","-0.052876472","-0.22590566","0.3649879"
"6271317046","0.079717636","-0.23438835","0.3761608"
"6291076723","0.10785389","-0.22343755","0.41505724"
"6310866899","0.08825874","-0.24193883","0.3606912"
"6330657076","-0.05471611","-0.27236557","0.22959763"
"6350432253","-0.12985516","-0.26427817","0.17290592"
"6370207429","0.013261795","-0.29967952","0.16139698"
"6389982606","0.12874699","-0.2943952","0.20809734"
"6409757783","0.100964546","-0.30846858","0.24875236"
"6429517460","0.15898323","-0.3290987","0.27919567"
"6449277137","0.23519897","-0.3520267","0.23220205"
"6469052314","0.197896","-0.31658292","0.20050442"
"6488827490","0.123571396","-0.339823","0.15118289"
"6508602667","0.095734596","-0.29477835","0.061424494"
"6528377844","0.15381527","-0.27578282","0.075118065"
"6548152521","0.14414883","-0.30195284","0.10267329"
"6567927197","0.11425972","-0.327765","0.06428337"
"6587702374","0.037073135","-0.32159877","0.035564065"
"6607477551","0.025496483","-0.29379487","0.08276105"
"6627237228","0.07137489","-0.24714279","0.13660014"
"6646996905","0.1831255","-0.16150165","0.16980588"
"6666772082","0.294528","-0.13177276","0.17453587"
"6686547258","0.3397751","-0.033486605","0.20828503"
"6706322435","0.1656456","-0.0724864","0.07226467"
"6726097612","-0.074827194","-0.17634559","-0.0022286177"
"6745872788","-0.13417625","-0.2170651","0.025990725"
"6765647965","0.007847786","-0.15429306","0.07690096"
"6785423142","0.10331154","-0.04459524","0.1563834"
"6805198319","0.082629204","-0.02235794","0.12992883"
"6824972995","0.023109436","-0.102152824","0.16396701"
"6844747672","-0.09240246","-0.14378285","0.2617728"
"6864507849","-0.102791786","-0.16841865","0.22988582"
"6884268026","-0.07447624","-0.07946229","0.1762296"
"6904042703","-0.008117676","-0.09298015","0.20020479"
"6923817380","0.018260956","-0.0703187","0.16022778"
"6943608056","0.026844025","-0.11363459","0.2081821"
"6963398733","0.05521679","-0.17172551","0.19183367"
"6983158410","0.08342838","-0.21185255","0.23190641"
"7002918087","0.09442711","-0.26656818","0.21576118"
"7022693263","0.17239094","-0.29451728","0.21626198"
"7042468440","0.17514133","-0.27611423","0.18956852"
"7062243617","0.12147999","-0.24786282","0.23181081"
"7082018794","0.14309978","-0.31531048","0.2746706"
"7101793470","0.08621216","-0.4388063","0.18246186"
"7121568147","-0.024450302","-0.40783453","0.18389487"
"7141343324","0.1485529","-0.33928227","0.1969856"
"7161118501","0.22696877","-0.25735736","0.17232442"
"7180893677","0.12263107","-0.28642416","0.16574085"
"7200668854","0.14961529","-0.3420205","0.19470215"
"7220444031","0.0075120926","-0.3862617","0.19241583"
"7240219208","0.0073080063","-0.3066485","0.12972867"
"7259978885","0.09211159","-0.23665595","0.092129946"
"7279738562","0.034814835","-0.22191739","0.041526437"
"7299513738","-0.0146512985","-0.26432586","0.04133308"
"7319288915","0.022285461","-0.20212817","0.07879245"
"7339064092","0.021231651","-0.226439","0.11813986"
"7358839269","0.011347771","-0.21706986","0.15944421"
"7378613945","0.08743286","-0.23954964","0.18128914"
"7398388622","0.116669655","-0.23153949","0.2700333"
"7418163799","0.13585758","-0.25060678","0.3203451"
"7437938976","0.050548553","-0.20131707","0.39633292"
"7457714152","0.07920265","-0.13439536","0.35633183"
"7477489329","-0.005853653","-0.14498544","0.17233312"
"7497264506","-0.11979389","-0.09659076","0.15206146"
"7517039682","0.08970356","-0.1071167","0.2152986"
"7536814359","0.13710976","-0.109297276","0.18438983"
"7556589036","0.061614037","-0.09878421","0.21285862"
"7576349213","0.11830139","-0.17683792","0.18255663"
"7596109390","0.09971428","-0.1595254","0.084714174"
"7615884067","0.005929947","-0.19958758","0.06271684"
"7635658743","0.015991211","-0.23979187","0.013654351"
"7655433920","0.025427818","-0.26788735","0.0037356615"
"7675209097","0.04277897","-0.31264973","0.07125807"
"7694984274","0.043245316","-0.23241758","0.1183815"
"7714759450","0.07178211","-0.18312669","0.116821766"
"7734534627","0.04314232","-0.2705207","0.0883019"
"7754309804","0.032468796","-0.39361954","0.22497702"
"7774084981","0.1199255","-0.34823418","0.3087675"
"7793860157","0.27214813","-0.31442547","0.29508156"
"7813634834","0.11132336","-0.285496","0.27818"
"7833409511","-0.040424347","-0.22570515","0.24006087"
"7853169688","-0.06954098","-0.21432662","0.16052729"
"7872929865","-0.087581635","-0.1261301","0.09776151"
"7892720041","-0.031287193","-0.047742605","0.14031732"
"7912510218","0.07244682","-0.044140577","0.11640775"
"7932269895","0.034061432","-0.04876709","0.13410401"
"7952029572","0.004199028","-0.023514748","0.19747645"
"7971804749","-0.024795532","-0.0414083","0.07015586"
"7991579925","-0.03276539","0.026037216","0.08369613"
"8011355102","0.0044908524","-0.060017824","0.09292734"
"8031130279","0.051210403","-0.06975651","0.084892035"
"8050905456","0.051218033","-0.13745046","0.15343386"
"8070680632","0.060801506","-0.21354246","0.1944992"
"8090440309","0.022809982","-0.21645379","0.15753245"
"8110199986","0.052392006","-0.21930957","0.13827461"
"8129975163","0.03392124","-0.28792977","0.1690352"
"8149750340","0.03427887","-0.2799921","0.20715225"
"8169525017","0.1104393","-0.23436308","0.17804074"
"8189299693","0.11095047","-0.22525048","0.25324202"
"8209074870","0.11286926","-0.15076613","0.26081574"
"8228850047","0.11226654","-0.1932528","0.14746183"
"8248609724","-0.067108154","-0.24281025","0.07234669"
"8268369401","-0.027765274","-0.20763421","0.13849014"
"8288160077","0.12581825","-0.13307834","0.19034827"
"8307950754","0.13473606","-0.13552904","0.16011381"
"8327710431","0.14424801","-0.11571884","0.159127"
"8347470108","0.11678314","-0.11492705","0.089401364"
"8367260284","0.087781906","-0.123864174","0.029555798"
"8387050461","0.002251625","-0.11142087","0.017114878"
"8406810638","-0.027122498","-0.11802173","0.015146017"
"8426570815","0.03959465","-0.058744907","0.01381731"
"8446345491","0.086055756","-0.1045804","0.071316004"
"8466120168","0.066464424","-0.12132478","0.17616469"
"8485895345","0.07587814","-0.13998723","0.16799194"
"8505670522","0.056508064","-0.13939619","0.2150104"
"8525445698","0.13292313","-0.11920738","0.19538915"
"8545220875","0.13226032","-0.09642029","0.25259203"
"8564996052","0.15903664","-0.1607995","0.24415678"
"8584771229","0.19690418","-0.14054608","0.22326672"
"8604545905","0.10172653","-0.13932896","0.07828593"
"8624320582","-0.1278944","-0.23433805","0.03385365"
"8644080759","-0.089505196","-0.23335004","0.053023934"
"8663840936","0.12895203","-0.23236632","0.16455662"
"8683615613","0.23283768","-0.17313862","0.20011723"
"8703390290","0.21390915","-0.12211418","0.1814627"
"8723165466","0.16484928","-0.18472672","0.16224086"
"8742940643","0.07926178","-0.08686185","0.12885684"
"8762715820","0.06952286","-0.047457933","0.047796607"
"8782490997","0.011761665","-0.084135294","0.01718402"
"8802250674","0.057826042","-0.20644927","0.019511223"
"8822010351","0.008613586","-0.30929708","-0.05414033"
"8841785527","-0.0218153","-0.3600812","0.0039892197"
"8861560704","-0.041161537","-0.4096129","0.1053409"
"8881335881","-0.08884525","-0.26922274","0.0953449"
"8901111058","-0.051163673","-0.18615508","0.09586626"
"8920886234","0.023357391","-0.25470257","0.22973317"
"8940661411","0.051628113","-0.1884005","0.369016"
"8960451587","0.07238865","0.008134842","0.45715094"
"8980241764","0.10983181","-0.00800395","0.31923217"
"9000001441","-0.08954716","0.014622927","0.18679851"
"9019761118","-0.08928394","0.032384872","0.1465494"
"9039536295","0.09010792","-0.1590991","0.2293737"
"9059311471","0.119231224","-0.16789985","0.28104132"
"9079086648","0.11139202","-0.053566217","0.2094078"
"9098861825","0.14120483","-0.018265963","0.12771064"
"9118621502","0.074658394","-0.14471126","0.050302982"
"9138381179","-0.020872116","-0.32528067","0.13405502"
"9158171355","0.05543995","-0.35342908","0.14432633"
"9177961532","0.123659134","-0.23800969","0.040772676"
"9197736709","0.18091679","-0.27551985","-0.0696246"
"9217511885","0.104026794","-0.42197132","0.012523234"
"9237287062","0.0095767975","-0.4733379","0.029906869"
"9257062239","-0.017688751","-0.38227153","0.049045563"
"9276821916","-0.014587402","-0.25529695","0.009098947"
"9296581593","0.07295036","-0.12596679","0.084921956"
"9316356770","0.09221554","-0.05049777","0.17497617"
"9336131946","0.07305336","0.00709939","0.2723101"
"9355907123","0.071998596","0.035037994","0.34208068"
"9375682300","-0.07116985","0.058784723","0.22379875"
"9395457477","-0.1465435","0.08129597","0.2514749"
"9415232653","0.10039234","-0.0042955875","0.35158843"
"9435007330","0.120485306","0.015832901","0.325607"
"9454782007","0.02725029","0.1313777","0.21872112"
"9474557184","0.064982414","0.13032174","0.13314772"
"9494332360","-0.01981163","0.06240034","0.052726865"
"9514107537","0.007905006","-0.044280767","0.02434045"
"9533882714","0.04513836","-0.119511366","0.050649226"
"9553642391","0.07386303","-0.12969327","0.0016901493"
"9573402068","0.033207893","-0.26129174","-0.111023545"
"9593177245","-0.1011076","-0.35104728","-0.026414812"
"9612952421","-0.053599358","-0.33517313","0.17198643"
"9632727598","0.041644096","-0.31375527","0.17195624"
"9652502775","0.16576672","-0.3896892","0.058266103"
"9672277452","0.08134174","-0.42080975","0.25034976"
"9692052128","0.11156654","-0.29382396","0.24932507"
"9711827305","0.085562706","-0.041834593","0.21874642"
"9731602482","0.068927765","0.081988335","0.17042261"
"9751377658","-0.035414696","0.047166586","0.13260871"
"9771152835","-0.035264015","0.061477423","0.2935899"
"9790928012","0.1550951","-0.018603802","0.27616858"
"9810703189","-0.02411747","-0.05804062","0.22703706"
"9830462866","-0.15477085","0.12988067","0.25286984"
"9850222543","0.07468033","0.21056318","0.24782376"
"9869997719","0.05539608","0.03315997","0.18552825"
"9889772896","-0.105796814","-0.084362745","0.13487422"
"9909548073","-0.13339806","-0.09002018","0.044597477"
"9929323250","-0.1128788","-0.08677006","0.020062417"
"9949097926","-0.036545753","-0.10994148","0.03661412"
"9968872603","0.03069973","-0.12168813","0.06558183"
"9988632780","0.08722401","-0.24703789","0.12203407"
"10008392957","0.049245834","-0.18064189","0.21131653"
"10028183134","0.09954071","0.024504423","0.17370206"
"10047973310","0.15855312","0.07634425","0.15678024"
"10067748487","0.17757416","0.00467515","0.13546553"
"10087523664","0.21511841","-0.1338191","0.10955316"
"10107283341","0.12109947","-0.18410802","0.18522874"
"10127043018","-0.0691185","-0.22728777","0.02314207"
"10146818194","-0.24678516","-0.12571621","0.082371265"
"10166593371","-0.026906013","-0.028239965","0.13738161"
"10186368548","0.16330147","-0.12729573","0.20225114"
"10206143725","0.12521553","-0.15710855","0.2850164"
"10225918401","0.23965359","-0.09329581","0.24603799"
"10245693078","0.27837467","0.029816866","0.11493537"
"10265468255","0.13687897","0.10769725","0.119789004"
"10285243432","0.107385635","0.120167255","0.079548836"
"10305018608","0.13376617","-0.060566902","-0.030704737"
"10324793785","0.12333679","-0.1636889","-0.026609898"
"10344568962","0.018425941","-0.1797769","0.033329546"
"10364344139","0.0083761215","-0.07323289","0.07269111"
"10384103816","0.036398888","-0.0127084255","0.12240666"
"10403863493","0.1298275","-0.08621955","0.15670058"
"10423638669","0.10917473","-0.11066723","0.18886182"
"10443413846","0.050183296","-0.16363215","0.115798295"
"10463189023","-0.026866913","-0.14087915","0.022585273"
"10482964199","-0.027741432","-0.05205059","0.013427496"
"10502738876","-0.03836155","-0.13672996","-0.020274878"
"10522513553","-0.19987679","-0.16422725","-3.2550097E-4"
"10542288730","-0.15295124","-0.17437601","0.12549737"
"10562063906","-5.2165985E-4","-0.21542048","0.21003297"
"10581823583","-0.037504196","-0.1365068","0.46627364"
"10601583260","0.039733887","0.0040376186","0.5175024"
"10621373937","0.059698105","0.010439634","0.52938366"
"10641164613","0.022087097","-0.032075882","0.43743223"
"10660924290","0.012000084","-0.14116573","0.35316077"
"10680683967","0.021951675","-0.13485909","0.1610794"
"10700459144","0.06876373","-0.10896206","-0.0150612"
"10720234321","0.14536953","-0.019889593","0.015370309"
"10740008998","0.18338585","0.048408747","-0.049673617"
"10759783674","0.2018528","0.08838773","-0.119169414"
"10779543851","0.13370037","0.024419546","-0.09650844"
"10799304028","0.12346077","0.01735878","-0.044520438"
"10819079205","0.057192802","-0.040266037","-0.07507306"
"10838854382","-0.048431396","-0.06960058","-0.00731045"
"10858644558","-0.08545399","-0.10196233","0.008343637"
"10878434735","-0.19126701","-0.19191885","-0.021544635"
"10898209912","-0.24776077","-0.14467216","0.2363036"
"10917985088","0.019016266","-0.091397524","0.3939245"
"10937744765","0.11389065","-0.10530615","0.42700905"
"10957504442","-0.10470104","-0.11944842","0.38085154"
"10977279619","-0.11673927","-0.3902843","0.29173493"
"10997054796","-0.15767097","-0.62198853","0.7908264"
"11016829473","-0.23963928","-0.05759883","1.7037721"
"11036604149","0.28979397","-2.1316068","1.6195377"
"11056379326","0.02730751","-4.5023456","1.7910948"
"11076154503","-0.37469387","-6.048786","3.3545704"
"11095929680","0.30789757","-6.5069065","5.541875"
"11115704856","2.070094","-7.444894","4.9290576"
"11135480033","4.1123104","-10.347125","4.32967"
"11155255210","6.604691","-14.165982","6.320399"
"11175030387","8.208411","-16.542177","4.9436893"
"11194805563","5.284509","-17.070528","0.49194473"
"11214565240","-2.6255016","-14.534874","-4.1859546"
"11234324917","-10.37288","-7.7507815","-9.077183"
"11254100094","-11.627209","-3.09547","-12.996158"
"11273875271","-9.599738","-0.077065945","-11.789293"
"11293649947","-6.100527","-0.82979965","-10.270325"
"11313424624","-3.9468937","0.6498518","-8.489964"
"11333184801","-1.7267547","3.6884556","-8.906947"
"11352944978","2.1202774","5.6155066","-8.488678"
"11372719655","5.891686","6.4782143","-5.318427"
"11392494332","6.7006507","5.3553114","-3.2579489"
"11412269508","6.9155087","4.392991","-2.175767"
"11432044685","8.669686","4.33611","-2.1957505"
"11451819862","10.15655","3.9346578","-1.357065"
"11471595039","8.739357","2.5124454","-0.4751792"
"11491370215","5.947724","1.5941958","0.5171325"
"11511145392","5.6731033","0.06277084","1.3022602"
"11530920569","7.1678467","-2.5622683","1.3865736"
"11550695746","7.3184147","-4.685853","1.7147827"
"11570455423","3.275339","-4.944041","0.66807175"
"11590215100","-4.732536","-5.030135","-1.0762413"
"11609990276","-10.570613","-7.210175","-1.4278219"
"11629765453","-14.497686","-8.067877","-1.5910158"
"11649540130","-15.359757","-4.1795764","0.04127693"
"11669314807","-10.555845","-0.49016666","2.4045596"
"11689089983","-7.2055445","0.1333723","2.0789652"
"11708865160","-8.306591","2.1179223","-1.759759"
"11728655337","-7.707851","5.537297","-3.1774263"
"11748445513","-4.471474","6.3698583","2.2485259"
"11768205690","-1.3723192","4.6440716","5.1332483"
"11787965867","0.7072973","3.8882942","-0.94451237"
"11807741044","1.2179484","4.2590075","-6.7317533"
"11827516221","2.55016","4.8020115","-6.8987083"
"11847290897","4.4006853","4.240936","-2.9999864"
"11867065574","3.6973457","0.7111244","-0.34516573"
"11886840751","1.1031442","-0.041380405","0.18519258"
"11906615928","0.802979","2.8781629","-4.4925876"
"11926391104","1.8660307","5.729468","-6.8918514"
"11946166281","0.04718399","8.295333","-3.5406349"
"11965925958","-1.6303711","7.3646297","-0.37904888"
"11985685635","-5.236767","5.817218","-2.0533977"
"12005475811","-17.63028","5.7220125","0.37513444"
"12025265988","-25.04041","1.1849089","1.2036102"
"12045026165","-17.135185","0.27836257","1.058377"
"12064786342","-14.618813","2.613344","-2.860495"
"12084561019","-11.566748","-3.3540995","-3.3364632"
"12104335695","-7.866894","-9.809149","-0.18090224"
"12124110872","-2.8437538","-10.165879","-2.5607224"
"12143886049","1.2822037","-7.583264","-8.070052"
"12163661226","3.2436337","-5.9529257","-5.4519315"
"12183436402","3.6648564","-11.271919","1.1224507"
"12203211579","7.6146026","-10.380238","-0.23542225"
"12222986756","8.534689","-8.497702","-0.60024035"
"12242746433","6.653613","-5.88367","2.7089894"
"12262506110","6.1826243","-5.8834605","7.4181924"
"12282296286","7.1956186","-7.5429497","9.272711"
"12302086463","6.456529","-8.403138","11.933712"
"12321846640","5.3152523","-9.867687","14.656262"
"12341606817","4.9923162","-13.4889145","16.64065"
"12361381494","4.5890503","-16.991985","19.107224"
"12381156170","3.712563","-19.381285","21.27887"
"12400931347","3.77144","-21.255955","18.60668"
"12420706524","1.7863526","-19.5752","15.111055"
"12440466201","-11.367905","-18.706251","4.406957"
"12460225878","-27.735746","-15.371212","-11.655682"
"12480016554","-25.883423","-6.13523","-22.954533"
"12499807231","-28.876072","-0.038253453","-7.3047733"
"12519582408","-41.32698","5.4231887","-17.935635"
"12539357584","-23.568983","17.931473","-18.03521"
"12559132261","-13.033999","24.189991","-14.466852"
"12578906938","-5.444397","20.896576","-5.8723135"
"12598667115","-3.1456118","14.43233","-1.0616388"
"12618427292","-5.734282","9.79883","1.0490468"
"12638201969","-8.689354","10.518753","3.5464222"
"12657976645","-5.0398164","10.242266","3.922426"
"12677752047","-3.5739875","10.161715","6.615587"
"12697527199","-9.12389","5.244585","17.913715"
"12717286806","-16.973492","-5.4231644","15.802952"
"12737046413","-22.111502","-6.535543","15.401535"
"12756837019","-15.234394","-6.4717073","13.637197"
"12776627626","-14.587535","-6.088969","6.103361"
"12796402233","-11.842684","-9.152139","-4.3173714"
"12816176840","-6.085165","-7.931856","-9.845029"
"12835951946","-0.23583794","-8.449722","-14.565704"
"12855727053","7.325454","-11.83568","-9.161329"
"12875487160","14.0025215","-13.242249","-6.719716"
"12895247268","17.762012","-14.926911","-3.4478378"
"12915021874","21.211681","-15.573244","1.1121359"
"12934796481","27.053093","-19.377739","-1.7867827"
"12954571588","20.715652","-20.291891","-1.9783378"
"12974346695","14.412487","-17.648048","-5.3456674"
"12994121802","10.911728","-15.905831","-6.2728324"
"13013896909","7.050062","-12.835995","-7.6438785"
"13033656516","2.9988089","-10.748217","-9.54638"
"13053416123","-0.8682728","-11.124216","-10.918869"
"13073206229","-4.0095005","-12.364544","-10.143593"
"13092996336","-6.7793646","-12.749475","-11.997341"
"13112771443","-6.706543","-12.022339","-13.529065"
"13132546550","-7.8584785","-5.21779","-5.12291"
"13152306157","-9.91172","-15.388468","-5.1950545"
"13172065764","-6.482946","-21.884365","-4.335728"
"13191840871","-12.196803","-11.679842","5.009015"
"13211615978","-17.366608","-7.244316","13.334919"
"13231391084","-48.26067","-18.86653","87.30587"
"13251166191","-9.728199","30.451303","23.435652"
"13270941298","9.631622","-16.90952","6.460502"
"13290716405","-18.031761","1.1221843","33.20774"
"13310491512","-39.97652","6.4386387","3.495426"
"13330266619","-26.580067","-5.8729606","1.4150474"
"13350041225","-38.706596","-7.088091","-12.323034"
"13369815832","-35.736702","2.1208348","-22.881731"
"13389590939","-23.177307","2.3849814","-17.39006"
"13409366046","-18.158377","-0.84090424","-9.487938"
"13429125653","-12.881933","-3.6613736","-5.98941"
"13448885260","-7.504531","-2.7457576","-5.5216084"
"13468660367","-2.9718313","-0.74690866","-6.6916723"
"13488435474","-0.83993244","-1.5868733","-4.836912"
"13508210581","-0.048009872","-4.97466","-2.1528563"
"13527985688","1.6119528","-6.507462","-2.8564277"
"13547745295","2.3008776","-7.7959423","-6.1591644"
"13567504902","1.1459241","-10.965607","-2.8064923"
"13587295508","-0.13423252","-14.359596","1.5932586"
"13607086115","2.86337","-14.378708","-2.3782446"
"13626860722","0.3104725","-14.377078","-0.7070887"
"13646635329","-12.477598","-16.877502","-0.8194308"
"13666395436","-16.890232","-19.811918","-6.6920257"
"13686155543","-11.471529","-19.986269","-0.53220034"
"13705930150","-9.978329","-21.836815","6.090621"
"13725704757","-8.287219","-22.950186","10.315716"
"13745479863","-7.675982","-23.047731","10.22976"
"13765254970","-11.37564","-20.934765","9.154436"
"13785030077","-10.740561","-16.237305","10.721317"
"13804805184","-8.340378","-14.646459","8.835823"
"13824580291","-10.173688","-13.150702","5.2653766"
"13844355398","-11.263185","-12.382799","4.1112313"
"13864130504","-13.43078","-16.27656","4.154514"
"13883905611","-13.255128","-21.340021","2.7789416"
"13903665218","-13.506853","-24.035234","0.48842716"
"13923424825","-15.326017","-27.498415","-2.3354437"
"13943214932","-18.14838","-33.504303","-6.14381"
"13963005039","-17.2393","-38.84222","-13.026485"
"13982764646","-15.672811","-40.483994","-14.783517"
"14002524253","-15.099246","-48.09668","-17.999008"
"14022299360","-25.358978","-53.60506","-28.322945"
"14042074466","-37.73266","-47.443546","-35.583054"
"14061849573","-32.60414","-41.148796","-32.48592"
"14081624680","-35.1201","-40.22816","-38.769043"
"14101384287","-35.46196","-29.30289","-46.958168"
"14121143894","-22.703707","-13.776571","-51.453266"
"14140934001","-13.69526","-5.254942","-39.640335"
"14160724108","-15.322056","-5.4277306","-18.291628"
"14180499214","-12.195452","-10.233858","-16.47594"
"14200274321","-6.962515","-2.674895","-33.230045"
"14220049428","-9.137532","7.264653","-33.813198"
"14239824535","-9.104094","4.110976","-23.866617"
"14259584142","-8.556406","-2.4368024","-16.310131"
"14279343749","-7.839779","-4.6312714","-12.925344"
"14299118856","-5.385732","-4.3023047","-14.246069"
"14318893963","-4.17737","-1.8794079","-15.008103"
"14338669070","-3.7566094","0.22220254","-13.6442585"
"14358444176","-1.5609083","-1.6438899","-12.386214"
"14378219283","-0.60754395","-6.5926447","-9.245686"
"14397994390","-4.917054","-11.245467","-7.8881474"
"14417768997","-13.490116","-12.612377","-12.286818"
"14437543604","-18.705067","-10.534065","-13.969732"
"14457303711","-17.98925","-11.059076","-10.511292"
"14477063818","-17.890057","-9.745797","-9.367594"
"14496838425","-19.570898","-7.43457","-8.987143"
"14516613032","-17.13519","-3.8130503","-7.8483906"
"14536388139","-12.814125","-0.3652916","-6.2296195"
"14556163245","-9.137564","3.7707999","-3.6244085"
"14575938352","-5.452907","7.9701085","-1.9768223"
"14595713459","-2.530694","8.176181","-2.3923292"
"14615473066","-1.6113329","11.671881","-4.880531"
"14635232673","0.9276862","10.583256","-4.678256"
"14655007780","1.0824785","2.7365646","-0.62862706"
"14674782887","0.5300698","-1.5182691","-0.27984738"
"14694557994","3.6641629","-2.4385433","-2.087496"
"14714333101","5.2606783","-0.48400307","-1.7847152"
"14734108208","6.4984827","-4.9786015","-0.9669261"
"14753883314","8.271443","-7.8607683","-2.8463008"
"14773673421","10.888625","-5.139985","-5.900768"
"14793463527","9.724388","-9.733219","-5.640172"
"14813223135","1.4361625","-18.990597","-0.16524124"
"14832982742","-4.9422445","-23.338661","-0.5283866"
"14852757849","-7.467007","-20.688831","-1.5937569"
"14872532955","-13.839221","-15.513214","-4.3781013"
"14892308062","-16.887398","-9.767403","-5.470872"
"14912083169","-14.142086","-2.1705217","-7.1216445"
"14931858276","-9.26453","4.69078","-7.5033236"
"14951633383","-6.4855328","8.896016","-7.945067"
"14971407990","-6.30515","12.487389","-8.12881"
"14991182596","-5.668985","13.342855","-6.753282"
"15010957703","-4.5231867","11.292251","-5.454497"
"15030732810","-4.610109","6.4762325","-3.3783734"
"15050507917","-4.749668","1.9469876","-3.108084"
"15070283024","-3.0571187","1.6609387","-4.208719"
"15090042631","-0.52300406","2.2786717","-4.6146293"
"15109802238","2.8854332","0.9853654","-3.8002913"
"15129577345","6.0214205","0.7238903","-3.165867"
"15149352452","12.3838215","2.9648407","-3.6601608"
"15169127559","16.966446","4.8757763","-6.0690284"
"15188902665","12.500765","5.958363","-6.926076"
"15208677272","11.30773","6.933628","-2.5320187"
"15228451879","3.4830022","-1.5605893","3.2205381"
"15248226986","-12.9257145","-19.446583","4.453028"
"15268002093","-21.063046","-17.368233","2.289188"
"15287777200","-42.37984","-24.149538","-0.70251465"
"15307552306","-29.383085","-23.266544","-2.0708673"
"15327311914","-15.05154","-9.002806","-3.3942394"
"15347071521","-12.568717","-2.0984588","-6.1569047"
"15366846628","-9.6387615","5.986451","-10.557432"
"15386621734","-4.4635344","7.4554086","-9.198716"
"15406396841","0.768988","5.4518604","-5.524971"
"15426171948","3.3988912","8.147967","-6.86016"
"15445931555","3.6388268","11.529937","-8.421431"
"15465691162","2.2493598","7.0377994","-5.471113"
"15485466269","1.9919269","-0.6442127","1.1948273"
"15505241376","2.7788355","-6.8499966","3.5844698"
"15525016483","7.245656","-4.0441866","0.49544525"
"15544791590","9.463974","0.25676632","0.4343152"
"15564581696","8.753664","0.79968643","3.7363298"
"15584371803","4.9397073","0.5446954","5.1779566"
"15604131410","-0.75021935","-3.7429714","5.365082"
"15623891017","-5.6869497","-8.15725","5.847691"
"15643666124","-11.467207","-12.120823","2.7693367"
"15663441231","-18.64557","-14.715456","-1.2192631"
"15683216337","-21.685453","-18.032856","-2.1944914"
"15702991444","-16.774855","-13.72198","-3.6296937"
"15722766551","-11.2648945","-0.27463818","-8.246574"
"15742541658","-8.818949","8.51855","-10.706726"
"15762316265","-6.843944","12.651411","-12.511231"
"15782090872","-3.7216296","12.979206","-12.192024"
"15801865979","-0.30938053","11.828396","-14.778423"
"15821641085","2.3347723","10.049271","-16.900105"
"15841416192","3.0523605","4.4585114","-17.187845"
"15861191299","1.7005005","-3.278058","-15.183373"
"15880950906","0.3730173","-6.4159937","-14.043306"
"15900710513","0.33216476","-7.1819735","-15.361003"
"15920485620","1.4418621","-8.440561","-18.14471"
"15940260727","2.4714775","-9.964261","-18.342064"
"15960035834","3.1207943","-7.2780733","-16.08602"
"15979810941","1.011581","-5.6433916","-15.852715"
"15999586047","0.29613352","-2.9551327","-17.302029"
"16019361154","-1.439765","-6.2597823","-15.838345"
"16039135761","-6.8801317","-8.521949","-14.170126"
"16058910368","-16.793758","-14.050383","-15.141293"
"16078685475","-20.502672","-26.048983","-16.71706"
"16098460582","-16.677542","-30.920296","-11.608136"
"16118220189","-14.298625","-29.998035","-2.5381746"
"16137979796","-10.062159","-25.086502","-0.38659906"
"16157754903","-4.31928","-17.426043","-1.7577837"
"16177530010","1.3862815","-14.87882","-0.73258066"
"16197305116","6.2486525","-16.351562","-0.9548876"
"16217080223","8.774108","-17.637014","-2.3355682"
"16236855330","13.83196","-15.468853","-7.1986217"
"16256630437","17.219948","-15.367142","-11.165939"
"16276405544","21.855957","-14.4492655","-17.394611"
"16296180651","16.95317","-11.141405","-23.821262"
"16315940258","18.687855","-10.957902","-18.833271"
"16335699865","10.620438","-9.966554","-15.182428"
"16355474972","7.347995","-7.386517","-12.724243"
"16375250079","1.7242723","-3.369574","-10.167124"
"16395040185","-3.0038276","-3.3647976","-6.514928"
"16414830292","1.0523176","-1.7937531","-5.608195"
"16434589899","2.0698452","-4.8138623","-5.1719074"
"16454349506","-1.8099184","-14.138499","-3.9817502"
"16474124613","-13.979823","-18.363617","-4.7300487"
"16493899720","-44.30239","-22.809717","-9.202837"
"16513659327","-14.012644","-19.996796","-8.171382"
"16533418934","-6.820862","-15.342272","-6.5685177"
"16553209040","-6.6684384","-11.088882","-7.625971"
"16572999147","-0.93967295","-7.578133","-10.13728"
"16592774254","6.307905","-6.2167983","-9.973225"
"16612549361","9.606099","-6.34868","-6.1080356"
"16632324467","10.531474","-6.2642922","-2.9869902"
"16652099574","11.245663","-5.0129695","-1.6385463"
"16671874681","8.797997","-4.7157254","-1.2815527"
"16691649788","6.3041525","-5.3204603","-1.4742892"
"16711409395","5.549286","-5.8931036","2.0673218"
"16731169002","7.8899965","-6.173592","8.025324"
"16750944109","9.380858","-5.7280507","10.556263"
"16770719216","11.151068","-5.55932","10.881919"
"16790494323","5.7072773","-1.6522903","7.3271074"
"16810269430","-3.2406301","-2.812354","2.2081428"
"16830044036","-10.540915","-9.073486","1.6326504"
"16849818643","-23.848673","-12.940073","0.24595582"
"16869593750","-21.0803","-18.726788","0.58912706"
"16889368857","-16.175667","-12.288408","1.4435678"
"16909128464","-13.263754","-4.1751714","0.22983336"
"16928888071","-8.682482","5.155072","-1.436946"
"16948678678","-4.0578704","13.71913","-3.841668"
"16968469284","-0.6081619","18.179094","-6.501768"
"16988228891","1.5525961","17.05104","-8.340771"
"17007988498","2.0033445","14.447146","-12.126812"
"17027763605","1.5663733","9.664841","-17.838089"
"17047538712","1.7902699","1.5463066","-23.635487"
"17067313819","0.872221","-5.9526186","-21.45629"
"17087088926","-0.027264118","-10.897405","-20.420767"
"17106863533","1.3545432","-7.961233","-25.594044"
"17126638140","2.8752725","-6.5284686","-29.651894"
"17146413246","5.0412893","-6.5369987","-26.53906"
"17166188353","6.2730126","-6.073955","-23.78081"
"17185963460","7.1374145","-4.658793","-23.471891"
"17205738567","4.761979","-6.614444","-24.39943"
"17225513674","-0.8186555","-15.775427","-26.813885"
"17245288781","-8.609449","-30.068981","-26.682762"
"17265048388","-16.81957","-42.075764","-19.652466"
"17284807995","-12.6477","-41.82337","-13.922789"
"17304583102","-1.7015972","-31.51229","-9.278338"
"17324358208","4.46061","-27.906584","-1.9469819"
"17344133315","9.357362","-21.595934","0.84745884"
"17363908422","22.056875","-12.166248","3.8596673"
"17383683029","33.90462","-16.011936","3.4735591"
"17403457636","24.114632","-14.398738","3.9219506"
"17423217743","17.231623","-6.9512453","2.0112891"
"17442977850","11.184332","-6.9635935","0.36799777"
"17462782956","5.46206","-5.9761844","-0.9503529"
"17482588063","2.3960495","-5.069017","-4.2148285"
"17502332670","-2.1709785","-2.0631366","-7.8651624"
"17522077277","-11.340278","5.7076054","-17.672102"
"17541852384","-29.709297","7.931533","-37.757633"
"17561627491","-34.50106","-1.885037","-36.49359"
"17581402598","-27.73153","-2.6595333","-33.777367"
"17601177705","-23.70642","0.27394068","-28.386839"
"17620937312","-19.58448","-5.9903717","-27.261398"
"17640696919","-16.113289","-12.50336","-19.706861"
"17660472026","-11.598452","-20.466953","-6.2272987"
"17680247133","-4.843813","-22.985325","2.1531463"
"17700022240","0.2064457","-23.216536","8.953598"
"17719797346","1.8977003","-22.488255","15.622128"
"17739571953","3.0426412","-24.511894","9.965155"
"17759346560","2.7844863","-15.492672","7.112402"
"17779121667","3.0247157","-9.438785","7.688236"
"17798896774","3.4967785","-10.198436","12.327476"
"17818671881","1.9893928","-9.301647","14.757476"
"17838446987","0.1782012","-5.0233784","11.995732"
"17858222094","-1.0737252","0.5339074","9.912512"
"17877997201","-0.3576479","1.2798319","8.283672"
"17897771808","0.49671125","0.4266348","7.691348"
"17917546415","0.289073","-3.090771","7.584445"
"17937321522","0.8786149","-5.3405504","8.141034"
"17957096628","1.5979996","-5.826256","8.611476"
"17976871735","1.8350143","-7.246084","7.2593064"
"17996646842","2.3512259","-7.092723","5.5896716"
"18016406449","2.1924276","-8.154364","4.1382732"
"18036166056","1.506206","-10.319577","1.342133"
"18055956663","1.2335844","-11.906273","-2.4408793"
"18075747269","0.68322945","-11.903637","-2.3911834"
"18095506877","-0.49091768","-13.781769","-4.2464104"
"18115266484","-1.865974","-17.909882","-8.872635"
"18135041591","-0.8898654","-21.457537","-18.040485"
"18154816697","1.7679548","-15.398611","-16.187975"
"18174591304","-2.16438","-24.822872","-23.702454"
"18194365911","-10.9334545","-34.760204","-23.835606"
"18214126018","-33.257225","-37.419857","-18.364553"
"18233886125","-36.767788","-30.477089","-8.090401"
"18253676232","-24.323597","-23.261261","-11.195246"
"18273466338","-28.726763","-11.982809","-7.496149"
"18293241445","-28.023392","-11.271078","4.8034883"
"18313016552","-26.098362","-10.955748","5.1609535"
"18332776159","-27.387627","-1.7522478","-0.0169034"
"18352535766","-26.864147","2.5803328","-0.22954464"
"18372310873","-26.175018","2.8886042","-1.1398597"
"18392085980","-23.348637","2.6398501","-3.3643713"
"18411861087","-22.996235","4.7680364","-3.5174847"
"18431636194","-20.739513","6.5001388","-5.467846"
"18451410801","-19.049608","8.642099","-6.498518"
"18471185407","-17.549799","12.385397","-8.526373"
"18490960514","-14.600106","14.266688","-8.022531"
"18510735621","-13.336002","12.273715","-6.3281193"
"18530510728","-13.423853","11.787969","-7.946707"
"18550285835","-11.97686","7.077157","-12.61607"
"18570060942","-10.592127","4.489557","-18.922424"
"18589836048","-9.282584","1.3801236","-20.798523"
"18609595656","-8.97653","-1.03248","-12.337791"
"18629355263","-9.964378","0.62070894","-3.5154896"
"18649130369","-11.325365","5.288322","-5.9028273"
"18668905476","-13.186696","5.3448734","-12.8507395"
"18688680583","-14.221193","3.7921197","-12.233834"
"18708455690","-11.853541","2.205894","-10.8286495"
"18728230297","-11.529669","1.076988","-12.564969"
"18748004904","-12.02713","0.4476155","-14.081472"
"18767780011","-11.558126","-2.077961","-14.789901"
"18787555117","-11.294413","-4.912019","-14.633535"
"18807314724","-9.788113","-7.279462","-14.216288"
"18827074332","-8.964336","-11.19101","-7.4232445"
"18846864938","-6.559168","-10.277532","5.388416"
"18866655545","-3.569384","-7.294631","11.208923"
"18886415152","-1.020216","-15.501667","2.8663244"
"18906174759","-6.556072","-23.927128","-3.970456"
"18925949866","-10.212185","-27.454393","-7.5590734"
"18945724973","-1.784997","-34.125183","-9.930901"
"18965499579","8.892494","-37.17773","-8.97735"
"18985274186","17.57966","-36.79629","-5.73071"
"19005049293","12.582782","-36.102634","-4.022502"
"19024824400","1.7771149","-32.26568","-2.2647092"
"19044599507","-0.7190027","-25.70246","-7.3028345"
"19064374614","-0.8212004","-18.212437","-8.5273075"
"19084149720","-3.8121748","-13.271755","-9.717634"
"19103924827","-7.23273","-12.383135","-7.9458985"
"19123699934","-9.110199","-11.702488","-3.7385938"
"19143475041","-6.768594","-13.368007","-6.2497473"
"19163234648","-5.633211","-13.347912","-11.462595"
"19182994255","-5.6773987","-14.082628","-15.520242"
"19202769362","-3.9203634","-17.169035","-16.691002"
"19222544469","-1.623292","-26.265074","-19.342806"
"19242319076","-1.5390458","-41.252155","-29.113506"
"19262093683","-6.4548917","-50.98578","-35.617764"
"19281868789","-19.991215","-55.916096","-41.89373"
"19301643896","-33.490757","-51.06837","-39.558136"
"19321419003","-32.419228","-43.399597","-40.837486"
"19341194110","-32.07553","-27.631714","-47.699852"
"19360969217","-29.54551","-8.518323","-47.799786"
"19380744324","-20.90866","-2.6167445","-39.64409"
"19400519430","-23.39306","-0.44689703","-30.513046"
"19420294537","-24.321804","2.3254228","-29.84845"
"19440054144","-21.269213","8.546766","-30.090893"
"19459813752","-17.089777","7.382607","-27.84851"
"19479588858","-18.34452","5.0306015","-20.74665"
"19499363965","-19.58713","0.7072406","-12.932055"
"19519123572","-14.693244","-0.50963163","-8.396898"
"19538883180","-10.320488","2.899858","-6.1733704"
"19558658286","-8.415115","5.8744755","-4.10255"
"19578433393","-7.3480825","9.171845","-3.1572309"
"19598208000","-6.9835234","8.186979","0.16869545"
"19617982607","-4.56417","2.0316238","-1.0496256"
"19637773213","-4.2374024","-1.7441311","-1.4089459"
"19657563820","-8.605128","-2.526","-3.418736"
"19677323427","-14.864925","-5.3417273","-8.940847"
"19697083034","-21.171688","-13.532288","-8.141879"
"19716858141","-23.147137","-9.721874","-8.418486"
"19736633248","-19.599829","-6.309141","-4.6956377"
"19756408355","-12.569723","-2.6157718","-1.8894223"
"19776183462","-8.461845","1.316762","2.3397992"
"19795958068","-4.629912","2.7774196","11.101198"
"19815732675","1.8199673","2.735363","12.761863"
"19835507782","5.828887","6.4243755","7.1535788"
"19855282889","5.2765346","10.229147","2.6847453"
"19875042496","2.9410517","13.055898","1.4882249"
"19894802103","2.4359107","13.764626","3.540474"
"19914577210","3.94551","11.125528","6.7263613"
"19934352317","5.7352214","6.363562","8.399274"
"19954142423","6.7874594","4.895957","8.8354845"
"19973932530","7.1767077","6.137009","6.6808677"
"19993692637","6.8110514","2.9314837","3.1138372"
"20013452744","1.6810102","-13.29463","-0.71155196"
"20033227351","-4.117938","-29.393108","-4.171146"
"20053001958","-11.303502","-38.244408","-7.1325984"
"20072762065","-16.735199","-36.670338","-11.134244"
"20092522172","-6.111664","-30.900658","-13.403131"
"20112297279","0.05022955","-20.752123","-12.516836"
"20132072386","2.0926986","-13.967978","-8.299332"
"20151862492","7.6234684","-7.740723","-8.549792"
"20171652599","14.058916","0.08881283","-11.192925"
"20191427706","14.087866","1.5120387","-15.44721"
"20211202813","10.995155","-0.38026094","-16.240725"
"20230962420","8.998647","-4.6625805","-17.961052"
"20250722027","7.5197735","-11.799255","-20.261452"
"20270497134","5.2177954","-19.82827","-19.611788"
"20290272240","-2.132897","-29.427107","-15.663382"
"20310031848","-11.665242","-27.23818","-18.776178"
"20329791455","-17.639956","-18.097805","-18.383549"
"20349581561","-15.206745","-11.144098","-14.284948"
"20369371668","-12.937335","-6.5265365","-9.922084"
"20389146775","-14.9301195","4.0506973","-8.466465"
"20408921881","-15.095692","8.732377","-8.909433"
"20428696988","-14.406141","14.476809","-10.978903"
"20448472095","-18.163454","21.166779","-14.087053"
"20468231702","-30.070143","22.368975","-20.509405"
"20487991309","-50.087006","20.513914","-40.024498"
"20507766416","-50.287086","8.611879","-28.34099"
"20527541523","-45.006813","3.7627878","-6.130229"
"20547316630","-42.34501","4.119962","-4.121911"
"20567091737","-42.252758","0.13474083","-8.200286"
"20586866344","-39.300583","-5.2615833","-12.289125"
"20606640950","-35.311245","-6.109403","-17.421885"
"20626401058","-32.24378","-19.106308","-19.86754"
"20646161165","-27.034378","-20.324617","-13.328464"
"20665935772","-24.06144","-9.62063","-12.220431"
"20685710378","-27.731377","-2.0409873","-12.9754715"
"20705485485","-30.367981","-15.542605","-13.419313"
"20725260592","-26.513412","-22.630205","-8.235593"
"20745035699","-18.259678","-18.587393","-10.526159"
"20764810806","-15.701823","-18.778929","-13.854401"
"20784585913","-12.1888485","-24.657207","-7.780511"
"20804361019","-10.172525","-32.47013","-0.033473372"
"20824136126","-17.886444","-39.07789","-7.2468348"
"20843911233","-10.815624","-45.902313","3.0907633"
"20863670840","2.5964985","-64.91597","12.651395"
"20883430447","10.924389","-71.31867","24.897486"
"20903220554","3.8489797","-59.599007","8.763379"
"20923010660","-15.225763","-36.232067","5.1752334"
"20942785767","-43.815918","-25.897905","2.6909041"
"20962560874","-30.611782","-25.476288","3.9479403"
"20982335981","-34.43891","-18.956295","1.4743941"
"21002111088","-40.59235","-13.236659","-0.67131686"
"21021885695","-40.297142","-10.891688","-5.871499"
"21041660301","-38.41959","-18.257013","-8.217239"
"21061420409","-43.011395","-22.1759","-2.3412669"
"21081180516","-48.39014","-24.020836","0.17584085"
"21100955623","-51.65431","-26.414589","-3.9365604"
"21120730729","-54.035343","-20.714619","-13.168058"
"21140505336","-47.80993","-10.022049","-15.607853"
"21160279943","-40.057266","-1.6472583","-15.017051"
"21180055050","-34.75992","3.679005","-16.981985"
"21199830157","-28.6636","8.308876","-13.417593"
"21219605264","-22.10719","14.258076","-22.137516"
"21239380370","-22.440285","20.944561","-31.005964"
"21259155477","-30.535896","21.298496","-29.374573"
"21278930584","-28.384119","15.809509","-29.000397"
"21298705191","-28.143711","13.457347","-24.726969"
"21318479798","-26.541245","8.724646","-20.987673"
"21338239905","-24.973822","3.6971645","-20.817286"
"21358000012","-27.28389","-0.29160595","-20.242245"
"21377774619","-32.826664","-8.345646","-17.854053"
"21397549226","-36.360012","-12.621845","-14.560463"
"21417324333","-31.555775","-13.522766","-10.080602"
"21437099439","-28.6706","-12.118343","-9.533325"
"21456874546","-28.924843","-11.736618","-10.236279"
"21476649653","-29.611235","-9.868652","-11.152568"
"21496424760","-31.813032","-8.877636","-12.061696"
"21516199867","-35.145065","-9.900393","-13.443529"
"21535959474","-39.946957","-16.375423","-18.420599"
"21555719081","-41.210915","-26.586658","-24.392815"
"21575494188","-32.36395","-35.604897","-26.56465"
"21595269295","-21.629017","-41.98888","-19.997656"
"21615044401","-19.401623","-39.29429","-21.94821"
"21634819508","-8.866936","-33.392513","-33.32012"
"21654594115","-3.0277839","-37.536407","-38.21456"
"21674368722","-1.2560143","-45.273876","-32.58845"
"21694143829","2.7948613","-44.704643","-19.298935"
"21713918936","2.0052943","-41.26608","-13.963424"
"21733678543","-4.196233","-36.617146","-19.101105"
"21753438150","-15.513143","-32.18369","-19.383505"
"21773228756","-23.38645","-27.188572","-15.890059"
"21793019363","-25.189522","-22.838728","-12.55386"
"21812794470","-27.753984","-20.845037","-14.094405"
"21832569577","-30.456696","-19.599178","-15.504001"
"21852344184","-35.468426","-19.064865","-15.304255"
"21872118790","-43.406826","-17.436642","-16.212404"
"21891878898","-42.93098","-16.893599","-18.196325"
"21911639005","-43.831993","-16.134007","-20.76339"
"21931413611","-43.427998","-13.389243","-21.731474"
"21951188218","-39.662132","-8.24368","-18.233936"
"21970963325","-38.42478","-7.812285","-14.170228"
"21990738432","-40.910004","-8.670247","-11.667482"
"22010513539","-49.46058","-3.577805","-20.14391"
"22030288646","-49.577362","9.095717","-25.01331"
"22050063752","-41.84788","13.009968","-32.20254"
"22069838859","-37.228775","17.189072","-36.84761"
"22089613466","-27.136808","20.842405","-27.67304"
"22109388073","-23.931648","18.69227","-21.444233"
"22129163180","-24.432446","8.113217","-21.866495"
"22148938287","-26.8821","2.7444117","-18.987125"
"22168698394","-32.216774","0.72168946","-17.300201"
"22188458501","-40.671383","-5.377308","-13.810991"
"22208233108","-42.354347","-11.373985","-13.011333"
"22228007715","-45.622765","-10.8416395","-14.211668"
"22247782821","-51.089336","-12.364872","-17.61058"
"22267557928","-50.765594","-15.017668","-23.323927"
"22287333035","-47.04438","-17.568146","-23.792395"
"22307108142","-40.9384","-20.003176","-19.188555"
"22326883249","-35.775684","-20.026094","-15.055037"
"22346658356","-33.169037","-24.077154","-14.492904"
"22366432962","-26.101213","-25.225082","-15.087971"
"22386207569","-20.470013","-26.4534","-13.449185"
"22405967676","-19.63713","-33.48028","-9.192145"
"22425727784","-14.040659","-43.551933","3.511047"
"22445502390","-10.258026","-50.64988","14.105775"
"22465276997","-3.4864774","-59.536964","10.953862"
"22485052104","2.0231104","-55.451206","5.1744747"
"22504827211","-10.650038","-45.153385","5.2202673"
"22524602318","-21.841253","-37.840405","3.0292573"
"22544377425","-19.333237","-31.114996","-3.4160876"
"22564152531","-21.55328","-25.497839","-6.139224"
"22583927638","-23.320927","-21.046545","-9.11279"
"22603702745","-27.238152","-18.71493","-9.555692"
"22623477852","-30.35059","-16.551516","-12.674161"
"22643252459","-28.704533","-13.148663","-15.714361"
"22663027051","-27.86462","-11.040539","-16.61744"
"22682787072","-26.3816","-10.9359455","-15.006979"
"22702547093","-25.549883","-10.543564","-13.709797"
"22722321614","-26.73525","-10.056429","-13.559109"
"22742096134","-29.573956","-9.283107","-16.783075"
"22761871155","-31.841545","-8.39728","-22.87681"
"22781646176","-35.08707","-2.4535294","-35.686604"
"22801421196","-28.58771","9.369139","-39.744164"
"22821196217","-18.896006","18.467203","-32.903282"
"22840971238","-8.27522","29.238306","-25.855125"
"22860746258","-7.2870636","31.154722","-47.221077"
"22880521279","-17.029827","30.415272","-41.813667"
"22900296300","-17.120005","17.733126","-27.946867"
"22920070820","-23.144491","10.004121","-24.15913"
"22939845341","-25.349274","0.4094832","-15.158526"
"22959605362","-19.159689","-5.0938563","-7.9881816"
"22979365383","-14.808161","-3.9976218","-8.339819"
"22999139904","-14.934996","-1.8704","-7.536315"
"23018914424","-15.183393","-3.548499","-4.6262674"
"23038689445","-16.056595","-4.4430056","-1.7720813"
"23058464466","-14.930905","-8.032238","-3.701097"
"23078239486","-16.255917","-12.079051","0.6704327"
"23098014507","-13.909125","-13.943898","15.607086"
"23117789528","-6.356805","-8.376276","23.171177"
"23137564548","0.23851395","-1.6338257","17.89764"
"23157324069","1.2523699","-4.4943304","13.997177"
"23177083590","-4.2793474","-8.207066","5.195084"
"23196858611","-7.7171774","-10.779964","-5.749879"
"23216633632","-6.1298122","-8.571036","-23.499842"
"23236408652","-2.052083","-1.25746","-46.90421"
"23256183673","-0.015663147","-3.8289337","-67.28015"
"23275958194","-4.270388","-23.406311","-24.449553"
"23295732714","-23.596348","-3.164353","-8.289339"
"23315507735","-16.689583","3.5207207","-31.974348"
"23335282756","-18.46668","-24.686579","-15.639456"
"23355057776","-3.307355","-33.548595","-5.800566"
"23374832797","1.6616144","-18.360884","-16.557026"
"23394592318","-15.909581","-6.1634393","-8.110548"
"23414351839","-9.871901","-9.353582","-0.53253436"
"23434141859","-7.07271","-9.376212","-0.2265377"
"23453931880","-8.450279","-6.473551","-3.7683787"
"23473706900","-9.752011","-3.7567196","-7.3290935"
"23493481921","-11.00252","-3.2398496","-9.096933"
"23513241942","-11.386616","-1.675375","-11.072951"
"23533001963","-10.839205","2.0704532","-12.308019"
"23552776484","-8.9261","3.3801808","-12.134537"
"23572551004","-7.8590446","2.2738147","-11.910903"
"23592311025","-9.78297","-1.5897465","-11.467006"
"23612071046","-12.886129","-4.983264","-13.847756"
"23631845567","-13.286803","-3.678969","-17.700539"
"23651620088","-9.850612","0.8428135","-19.811241"
"23671395108","-8.094046","2.6360095","-23.86334"
"23691170129","-7.6045732","5.969342","-26.4126"
"23710945150","-4.913754","7.3006725","-23.582216"
"23730720170","-3.5276704","4.2175922","-16.564976"
"23750495191","-4.2814846","2.1693423","-11.207695"
"23770270212","-5.0632463","2.534195","-9.18896"
"23790044732","-4.5874352","3.4079154","-2.6577518"
"23809819253","-1.3617058","1.7520334","-1.0818167"
"23829594274","3.4180162","-2.4490314","-8.167526"
"23849369294","4.224512","0.90826726","-11.207193"
"23869129315","2.2828107","5.0015087","-5.8633084"
"23888889336","2.2572083","2.914027","-3.7277293"
"23908663857","4.760292","1.2206137","-4.165265"
"23928438378","6.5565176","2.7836246","-1.8615904"
"23948228898","6.556493","6.348943","3.805447"
"23968019418","7.729326","12.426846","0.37256432"
"23987778939","7.2906137","16.702702","-4.7615595"
"24007538460","1.7294879","7.762583","-0.9963834"
"24027328481","-5.7269287","-18.004272","2.5152676"
"24047118501","-19.780132","-25.971298","5.140874"
"24066878022","-27.549633","-24.435804","-2.9522927"
"24086637543","-16.673927","-21.407902","-2.5816936"
"24106412564","-11.833465","-19.678856","2.698529"
"24126187584","-4.9404993","-16.070686","7.141727"
"24145962605","0.76201344","-9.218496","4.3625855"
"24165737626","3.9979644","-1.1050701","2.5253239"
"24185512646","8.877889","0.47578597","2.410489"
"24205287667","12.531366","-0.510344","3.5386353"
"24225047188","13.269912","-2.571632","1.8809874"
"24244806709","10.892778","-2.8097959","-0.22711623"
"24264596729","7.217187","-3.8390512","-1.561288"
"24284386750","5.3595104","-6.210978","-1.6326578"
"24304161770","2.7595496","-8.26632","1.7921717"
"24323936791","0.7872224","-9.79899","2.634919"
"24343696312","1.7196865","-10.067295","-0.24291809"
"24363455833","4.6752424","-7.907771","-1.1388438"
"24383230854","8.1242895","-12.256919","-0.089515924"
"24403005874","9.255682","-16.686611","-3.058321"
"24422780895","13.73131","-28.98747","-8.676506"
"24442555916","14.351202","-42.628826","-12.103657"
"24462330936","5.194204","-56.37761","-12.425346"
"24482105957","-6.7582855","-63.889084","-14.057691"
"24501880478","-15.807726","-54.039825","-20.07541"
"24521654998","-13.724993","-37.55999","-27.418179"
"24541415019","-10.615211","-30.738043","-29.962027"
"24561175040","-10.402649","-21.117054","-29.170238"
"24580950061","-10.404329","-11.542265","-29.001652"
"24600725082","-10.829043","-4.707924","-25.847408"
"24620499602","-6.2405725","0.38985586","-23.889147"
"24640274123","-2.7963526","1.8511953","-19.405693"
"24660049144","-4.16576","-9.895","-9.159431"
"24679824164","-4.8745975","-22.100794","-7.4702797"
"24699599185","3.384968","-25.785736","-15.551424"
"24719374206","3.0174246","-26.603874","-17.76849"
"24739133727","-2.9695425","-37.58032","-8.597052"
"24758893248","-3.3985844","-41.285873","-10.538632"
"24778683268","1.9713576","-33.21685","-20.700695"
"24798473288","3.583144","-28.157127","-28.182539"
"24818248309","-2.6524112","-36.790802","-24.880466"
"24838023330","-11.357953","-50.81685","-29.544317"
"24857782851","-16.108067","-42.55047","-44.13127"
"24877542372","-18.492586","-35.9747","-48.472885"
"24897317392","-29.182903","-34.27715","-36.880047"
"24917092413","-44.30905","-26.433437","-28.776995"
"24936852434","-36.82752","-11.890017","-22.94228"
"24956612455","-31.300154","-6.2324986","-13.384695"
"24976402475","-25.294773","-2.442039","-6.6924715"
"24996192496","-20.385124","1.7889025","-5.4757476"
"25015967516","-15.582661","6.328643","-6.8458815"
"25035742537","-9.964257","9.918064","-8.372931"
"25055502058","-3.5492115","11.412496","-9.2888155"
"25075261579","0.97404265","10.587547","-8.779058"
"25095051599","3.222024","6.293954","-4.9755893"
"25114841620","5.8438616","1.6128526","-5.4827933"
"25134601141","7.881431","-0.630455","-11.59231"
"25154360662","9.050438","-3.5975199","-15.683538"
"25174135682","11.505708","-14.315688","-13.663541"
"25193910703","6.7678895","-29.537384","-13.570483"
"25213685724","-3.5548294","-30.37236","-19.692884"
"25233460744","-10.778854","-29.969933","-17.994616"
"25253220265","-17.478243","-32.848785","-17.010023"
"25272979786","-15.543714","-25.880848","-14.996098"
"25292770307","-12.130578","-21.536024","-14.198602"
"25312560827","-13.788735","-17.115595","-18.091372"
"25332335348","-13.786916","-11.935406","-18.736841"
"25352109868","-12.72079","-12.418814","-15.633146"
"25371869889","-8.924427","-11.085722","-17.402203"
"25391629910","-2.687402","-5.8924904","-21.034336"
"25411404431","4.7329025","-2.6808686","-25.079014"
"25431178952","6.9626174","-12.031317","-26.392447"
"25450953972","9.265242","-15.738331","-36.863743"
"25470728993","6.6977324","-15.109437","-53.92316"
"25490504014","-1.8765393","-28.440573","-55.310738"
"25510279034","-10.964682","-44.952145","-59.369312"
"25530054055","-30.341747","-58.74924","-63.634483"
"25549829076","-31.63088","-56.478146","-59.709976"
"25569604096","-34.054695","-61.31009","-57.39673"
"25589379117","-51.134857","-63.22477","-47.311356"
"25609153638","-59.342907","-56.641747","-39.90944"
"25628928158","-65.86657","-45.070595","-35.409824"
"25648688179","-69.17195","-31.264433","-26.314075"
"25668448200","-60.949913","-14.73386","-18.959482"
"25688222721","-49.634285","-1.0620909","-13.569981"
"25707997242","-38.66309","7.2312694","-5.3396564"
"25727772262","-29.973034","12.241167","-0.77790785"
"25747547283","-23.258394","17.830093","-1.5257821"
"25767322304","-16.149328","20.579857","-3.4419613"
"25787097324","-10.365017","16.686123","-4.05494"
"25806872345","-7.244659","11.324711","-4.220214"
"25826647366","-4.348904","3.4720583","-0.031952143"
"25846421886","-4.0341134","-2.0062304","2.188676"
"25866196407","-3.078573","-5.0495577","-3.6799214"
"25885956428","1.8007368","-5.361519","-9.952852"
"25905716449","12.072508","-4.0937862","-13.940954"
"25925491470","16.07095","-2.8220892","-13.865078"
"25945266490","9.915433","-8.907285","-22.3666"
"25965041011","6.255856","1.9419427","-25.479317"
"25984815532","3.320117","1.1576538","-21.634811"
"26004590552","-4.5793443","-12.491184","-27.646711"
"26024365573","-17.962442","-17.352978","-33.460014"
"26044140594","-49.15693","-7.770111","-19.360954"
"26063915614","-33.296764","-14.495182","-4.752713"
"26083690635","-34.47522","-12.510977","-9.432701"
"26103465656","-48.526142","-11.010194","10.8692875"
"26123240176","-20.905045","-14.083921","26.132856"
"26143014697","-12.196495","12.1586075","3.818801"
"26162789718","-11.402565","27.684452","-1.6248479"
"26182564738","-21.765915","21.046299","12.995493"
"26202324259","-20.223259","9.472065","19.465952"
"26222083781","-17.039528","7.356518","9.708401"
"26241858801","-23.524689","8.69897","2.9726334"
"26261633822","-39.490788","-6.121454","5.80294"
"26281408842","-32.556606","-19.277336","6.000994"
"26301183863","-29.75763","-28.04566","2.4047527"
"26320958884","-26.02639","-32.620907","-1.8389634"
"26340733904","-18.001558","-30.606525","-7.929367"
"26360508925","-7.460136","-28.787327","-9.870547"
"26380283946","1.8716719","-30.891802","-7.6805434"
"26400058466","7.398383","-30.663013","-10.585901"
"26419832987","0.29577303","-24.155136","-15.322636"
"26439608008","-10.107155","-18.520367","-13.356388"
"26459383028","-3.846886","-19.473114","-19.934732"
"26479142549","5.4298615","-16.139359","-20.828789"
"26498902071","0.9118395","-21.047775","-26.361961"
"26518677091","-16.689405","-26.79703","-20.876923"
"26538452112","-41.88635","-24.717712","-26.847513"
"26558227132","-30.445189","-20.537405","-27.660833"
"26578002153","-23.96357","-24.26276","-28.790104"
"26597761674","-28.941769","-21.543787","-24.394867"
"26617521195","-29.047356","-19.004538","-19.38856"
"26637296216","-26.61254","-19.064205","-18.246807"
"26657071237","-27.91528","-17.684244","-19.105392"
"26676846257","-30.093355","-15.993024","-19.708218"
"26696621278","-30.789501","-13.717647","-19.417007"
"26716396299","-28.656654","-14.0792","-20.874483"
"26736171319","-29.053087","-14.8579","-19.644398"
"26755945840","-31.645899","-13.788406","-19.16053"
"26775720361","-36.749004","-12.478989","-23.205942"
"26795495381","-38.665497","-5.603614","-30.168734"
"26815270402","-31.190842","2.7480526","-35.476593"
"26835045423","-25.63314","7.3345966","-25.211489"
"26854820443","-22.398636","13.96187","-12.920036"
"26874579964","-14.475541","32.711273","-29.519947"
"26894339485","-5.61859","43.297985","-23.83376"
"26914114506","-10.095776","32.98429","-14.513807"
"26933889527","-21.286482","22.749908","-12.95445"
"26953664547","-24.695585","16.796282","-16.623175"
"26973439568","-22.781206","6.3526735","-9.779633"
"26993229588","-16.536596","3.2780447","-1.9987223"
"27013019608","-13.376424","4.400757","-1.5996394"
"27032779129","-15.538068","4.5145874","-6.160513"
"27052538651","-17.3716","1.870522","-9.54314"
"27072313671","-18.781435","-1.3257246","-9.894757"
"27092088692","-18.574596","-5.4952054","-9.873474"
"27111863713","-15.157194","-5.754446","-8.07994"
"27131638733","-12.063237","-5.050711","-9.028018"
"27151413754","-10.629341","-4.1354437","-11.924297"
"27171188774","-9.590669","-6.30241","-13.220294"
"27190948296","-12.066154","-8.3129015","-11.656038"
"27210707817","-19.999949","-13.043789","-15.612157"
"27230497837","-22.499596","-17.606955","-23.081236"
"27250287857","-22.047585","-23.43197","-27.03217"
"27270062878","-19.627853","-28.344173","-24.197393"
"27289837898","-10.212044","-26.79579","-15.823916"
"27309597420","-6.7220907","-23.261637","6.550904"
"27329356941","0.10603714","-29.396347","12.049261"
"27349131961","7.3008146","-26.730442","0.66272914"
"27368906982","5.878492","-16.958513","0.7981068"
"27388682003","-5.2667065","-6.0313115","7.9821243"
"27408457023","-5.937463","-6.8387785","11.828825"
"27428232044","-1.2390804","-8.024096","12.476596"
"27448007065","-1.8341031","-7.101409","9.835793"
"27467781585","-2.5373778","-5.030023","6.8656645"
"27487556106","-2.2658472","-3.5712717","5.5314865"
"27507331127","-3.1108541","-2.7108192","4.63293"
"27527106147","-3.522234","-0.6711259","3.7928336"
"27546881168","-2.8863077","-0.23537529","4.171927"
"27566656188","-3.1375933","-0.24906301","3.7799344"
"27586415710","-4.0408","0.37480003","1.8780231"
"27606175231","-4.9911184","-0.6799654","1.160021"
"27625950251","-6.131692","-2.2433066","0.44701982"
"27645725272","-8.734248","-1.4938301","-2.2936175"
"27665500293","-11.596706","3.2968292","-5.2327433"
"27685275313","-10.252193","2.0036972","-5.569653"
"27705050334","-11.616425","-0.19799757","-6.2566824"
"27724825355","-13.269296","0.45859766","-10.354544"
"27744584876","-10.035806","4.423029","-10.749545"
"27764344397","-6.021964","4.31404","-7.8865137"
"27784134417","-4.6218023","3.4818106","-5.224267"
"27803924437","-4.01411","3.164703","-3.34193"
"27823683958","-2.4606738","3.5041692","-3.0437868"
"27843443479","-1.0883265","3.7045724","-4.418132"
"27863218500","-0.3685994","4.2913666","-5.3421006"
"27882993521","0.7201071","4.641132","-5.440834"
"27902768541","1.93466","5.369307","-4.9593606"
"27922543562","2.8995671","5.1367965","-3.992433"
"27942318583","3.4738808","4.3867893","-2.8077984"
"27962093603","3.739917","3.4215896","-1.8950133"
"27981868624","3.179276","2.172002","-1.9255238"
"28001643645","2.6927247","1.5409076","-2.594109"
"28021418165","2.432804","1.0817962","-2.8743205"
"28041192686","2.3665438","0.6059408","-2.9694512"
"28060952707","1.3717313","0.84308934","-2.3594558"
"28080712728","0.25517654","-0.76791286","-1.935356"
"28100487249","-0.84346867","-2.9622755","-2.1280768"
"28120261769","-1.4987392","-3.0763488","-3.0424986"
"28140036790","-2.0045013","-3.0333428","-3.7134194"
"28159811811","-2.0461617","-3.7849154","-3.5474615"
"28179586831","-2.0495872","-3.8371367","-2.9550424"
"28199361852","-2.7325993","-3.6973348","-2.193283"
"28219136873","-2.5754223","-2.927574","-1.3990444"
"28238911893","-1.1558495","-3.106432","0.5842831"
"28258686414","0.36540127","-2.288","2.3469834"
"28278460935","1.1324873","-0.8358011","1.926854"
"28298235955","0.9146061","0.5188391","1.0075123"
"28318010976","0.51133347","2.3250892","-0.18617715"
"28337770997","0.49048805","3.669067","-1.3047597"
"28357531018","0.5962887","3.338776","-1.272326"
"28377305539","0.08093834","2.1677363","-0.61879414"
"28397080059","-0.3563614","1.4343216","-0.681466"
"28416855080","-0.28165722","-0.016644001","-0.44739056"
"28436630101","-0.36013794","-0.7598244","0.051553935"
"28456405121","-0.4621277","-1.0691127","0.08694101"
"28476180142","-0.31830502","-1.7188267","0.082282916"
"28495955163","-0.17688751","-3.1336346","0.32709926"
"28515730183","-0.38331795","-2.6527","0.37474495"
"28535489704","-0.30905628","-1.4124013","0.60704076"
"28555249225","0.34409618","-1.0743691","0.29340062"
"28575024246","0.6940613","-0.29743564","0.15283316"
"28594799267","0.97206974","0.067123294","0.086484596"
"28614589287","1.1403875","0.07802546","0.08144739"
"28634379307","1.1365795","-0.16540778","0.34104025"
"28654138828","0.9108858","-0.5700309","0.39555782"
"28673898349","0.6080847","-1.1681526","0.573493"
"28693673370","0.4591713","-1.6013412","0.79782647"
"28713448391","0.14085293","-1.9081858","1.0793656"
"28733207912","-0.45132256","-1.8828151","1.3586076"
"28752967433","-0.44701385","-1.7821064","1.27696"
"28772742453","-0.034781456","-1.8653185","1.130021"
"28792517474","0.2508335","-2.217297","1.1054019"
"28812307494","0.20485497","-2.3492055","1.1189909"
"28832097515","0.22736168","-1.8068119","1.4891187"
"28851872535","0.32419205","-1.5434353","1.68876"
"28871647556","0.25016022","-1.3083708","1.6809202"
"28891422577","0.33161068","-1.7781359","1.5889757"
"28911197597","0.3288145","-2.1852262","1.5090072"
"28930957118","0.31379414","-1.7598333","1.3831955"
"28950716639","0.337533","-1.4002498","1.310188"
"28970491660","0.17986012","-1.241505","1.3276664"
"28990266681","-0.15007973","-1.0731359","1.2642124"
"29010041701","-0.12414169","-1.8372229","1.1472604"
"29029816722","-0.13434505","-2.4175","1.1616246"
"29049591743","-0.29056263","-2.2469888","1.161229"
"29069366763","-0.35005093","-1.8269577","0.94773996"
"29089141284","-0.3891878","-1.3611181","0.8777784"
"29108915805","-0.38375378","-1.079255","0.88222086"
"29128690825","-0.15726662","-1.504174","0.9893184"
"29148465846","-0.16587925","-1.6150178","1.0120304"
"29168225367","-0.3713808","-1.2990036","0.88152075"
"29187984888","-0.25342655","-1.0626551","0.7051043"
"29207759909","-0.17410278","-0.7528266","0.3979268"
"29227534929","-0.20554924","-0.18805194","0.070735216"
"29247309950","0.038811684","-0.5091219","-0.037114084"
"29267084971","0.12832546","-1.1650686","0.17269719"
"29286859991","-0.10160637","-1.174015","0.30196652"
"29306635012","-0.17718887","-0.8990886","0.2663275"
"29326409533","-0.05330944","-0.669579","0.063268155"
"29346184053","-0.05090332","-0.5112934","-0.29297388"
"29365944074","-0.06880951","-0.36025786","-0.6451345"
"29385704095","0.2057972","-0.36158156","-0.81327546"
"29405479116","0.35419655","-0.6647575","-0.7343764"
"29425254137","0.29493332","-0.81179976","-0.49978036"
"29445028657","0.4460354","-0.7084234","-0.43723506"
"29464803178","0.56983757","-0.63908386","-0.34101883"
"29484578199","0.35429287","-0.5499332","-0.38624525"
"29504353219","0.16757107","-0.5358634","-0.7358582"
"29524112740","0.22981453","-0.4057014","-0.8368752"
"29543872261","0.41418839","-0.5131154","-0.77356076"
"29563647282","0.43660927","-0.5885997","-0.7080149"
"29583422303","0.29890728","-0.6929023","-0.6154145"
"29603197323","0.3520069","-0.8193214","-0.3162497"
"29622972344","0.5575018","-1.0795698","-0.1777185"
"29642747365","0.65925884","-1.3236938","-0.20323142"
"29662522385","0.63760185","-1.2363353","-0.10171049"
"29682296906","0.6503897","-1.4211354","-0.120504595"
"29702071427","0.6286993","-1.700232","-0.028111447"
"29721846447","0.63377285","-3.6341107","0.9524023"
"29741621468","0.6437206","-4.9009614","3.9849603"
"29761396489","0.64958","-6.9084754","6.91971"
"29781171509","-0.086476326","-9.594597","8.116383"
"29800946530","-1.5266123","-10.692001","8.507078"
"29820721551","-3.0169916","-8.609211","7.7851744"
"29840496571","-4.0989246","-6.4934354","6.1493325"
"29860271592","-5.3509007","-2.4032476","4.1278777"
"29880031113","-4.0491533","-1.0895046","2.939201"
"29899790634","-3.5348177","-0.23767209","2.582439"
"29919580654","-3.582119","-0.5202505","2.0188036"
"29939370675","-3.2783823","-2.0111246","1.3213267"
"29959145695","-2.8258429","-2.343332","0.524302"
"29978920716","-2.1013556","-2.4522119","0.02355051"
"29998680237","-1.7319365","-2.7118402","-0.4356594"
"30018439758","-1.4686937","-2.9794078","-1.8137655"
"30038214779","-0.7985425","-3.1762905","-2.4326034"
"30057989799","-0.2601905","-2.8190272","-2.4509435"
"30077764820","-0.36474514","-3.1901848","-1.9772382"
"30097539841","-0.7255254","-3.1361504","-2.468624"
"30117314861","-0.27261448","-3.5619707","-3.4533534"
"30137089882","0.50093174","-2.7638454","-3.772542"
"30156879902","1.0889492","-2.003851","-3.5887117"
"30176669923","1.0567126","-1.6905191","-3.4225307"
"30196429444","0.6560674","-1.4655828","-3.47609"
"30216188965","0.54930854","-1.3623922","-3.252674"
"30235963985","0.54379296","-0.82294726","-2.5796556"
"30255739006","0.24279928","-1.0973511","-2.0401912"
"30275498527","-0.35789037","-1.3190546","-2.076806"
"30295258048","-0.46121764","-1.0001059","-2.543931"
"30315033069","-0.17858744","0.26707792","-3.2786431"
"30334808089","0.46230567","-0.2352066","-2.659577"
"30354583110","0.13659215","-0.61257696","-2.1485686"
"30374358131","-0.20021653","0.04953003","-1.477912"
"30394133151","0.28862488","0.5041747","-1.1447029"
"30413908172","0.6214354","0.46071196","-0.6795273"
"30433667693","0.5731442","0.36726665","-0.6326947"
"30453427214","0.43198323","0.16857052","-0.5993991"
"30473217234","0.50744283","0.046825886","-0.7177701"
"30493007255","-0.48251462","-0.8170109","-0.70941305"
"30512782275","2.4977727","0.199584","-0.24746275"
"30532557296","0.595423","0.64033365","0.08746958"
"30552316817","-0.5793421","-0.82071924","0.04834175"
"30572076338","0.28749776","0.18751764","-0.4196229"
"30591851359","0.9839574","0.11364269","-0.46294308"
"30611626379","0.43478572","-0.3076167","0.19983816"
"30631401400","0.10476351","0.07907343","0.6297045"
"30651176421","0.33735478","0.09574795","0.36775875"
"30670950941","0.4513291","0.022167206","0.0788331"
"30690725462","0.44403768","0.05423212","-0.09144163"
"30710500483","0.44466805","-0.38858223","-0.023983002"
"30730275503","0.38531125","-0.54880524","-0.07174301"
"30750050524","0.32089698","-0.10639429","-0.11740446"
"30769825545","0.27386796","0.0052404404","-0.15159416"
"30789600565","0.2626977","-0.050549984","-0.17750692"
"30809375586","0.13799834","0.029829502","-0.0057706833"
"30829135107","0.12711668","-0.008617878","-0.012061119"
"30848894628","0.19578671","-0.030285835","-0.10180664"
"30868669649","0.47272027","0.07534218","-0.2148509"
"30888444669","0.5252695","0.06140423","-0.231359"
"30908219690","0.40279377","0.27281094","-0.14974737"
"30927994711","0.5164062","0.16358948","-0.09837484"
"30947769231","0.5819824","0.021769047","-0.016171455"
"30967543752","0.6092818","0.13531733","0.03843069"
"30987318773","0.5103576","0.31230688","-0.056236267"
"31007093793","0.44260263","0.4900446","-0.046735287"
"31026868814","0.5948497","0.37658787","-0.0077147484"
"31046643835","0.7786901","0.26439428","0.33439827"
"31066403356","0.6532619","0.13131666","0.5041833"
"31086162877","0.48915195","0.359756","0.38967562"
"31105937897","0.518129","0.25378704","0.08686018"
"31125712918","0.46908474","0.33718634","-0.02182722"
"31145487939","0.53952193","0.52832556","-0.04935932"
"31165262959","0.5543535","0.22568417","0.15916777"
"31185052980","0.4733436","-0.048058987","0.24871731"
"31204843000","0.5342243","0.23272514","-0.032191277"
"31224602521","0.7098235","0.20077133","-0.18883896"
"31244362042","0.6146747","0.116892815","0.022797585"
"31264122063","0.515424","-0.22090721","0.05327797"
"31283882084","0.60518646","-0.18170261","-0.060956478"
"31303656605","0.57462883","0.048802376","-0.16906977"
"31323431125","0.4803579","0.055937767","-0.10242081"
"31343206146","0.40489078","0.08340359","0.10552502"
"31362981167","0.4597261","0.5306473","0.01658678"
"31382756187","0.32136416","0.53146744","-0.07466316"
"31402531208","0.18047929","0.3022256","-0.023851871"
"31422290729","0.23747349","0.20370007","0.32664585"
"31442050250","0.2871623","0.28021002","0.47299433"
"31461825271","0.38122153","0.27790356","0.17614222"
"31481600291","0.5202031","0.13473272","-0.13958645"
"31501375312","0.61201787","0.08794832","-0.16988707"
"31521150333","0.51605105","-0.08498573","0.04344225"
"31540940353","0.56492305","-0.061779022","0.06693697"
"31560730373","0.8041338","0.11422062","-0.17078781"
"31580505394","0.9770591","0.29038143","-1.1709223"
"31600280415","0.5775759","0.02980709","-1.0501657"
"31620039936","1.4114966","0.37882996","0.39979696"
